,video,predictions,true
0,/content/drive/MyDrive/ucf_experiments/ciclo_experimental_1/data/data_blur/uniform_samples/test/g6jdqkcdgqk_2-0903a35e59_1_resized_blur.mp4,1,1
1,/content/drive/MyDrive/ucf_experiments/ciclo_experimental_1/data/data_blur/uniform_samples/test/GYvqfFzN_0-fb38c0eac8_0_resized_blur.mp4,0,0
2,/content/drive/MyDrive/ucf_experiments/ciclo_experimental_1/data/data_blur/uniform_samples/test/nuf-d5GugL0_6-d56bd72790_1_resized_blur.mp4,1,1
3,/content/drive/MyDrive/ucf_experiments/ciclo_experimental_1/data/data_blur/uniform_samples/test/g-qjkePEXQA_0-6dad0bc55a_1_resized_blur.mp4,1,1
4,/content/drive/MyDrive/ucf_experiments/ciclo_experimental_1/data/data_blur/uniform_samples/test/I-QiUMPTWNE_3-912d5be187_1_resized_blur.mp4,1,1
5,/content/drive/MyDrive/ucf_experiments/ciclo_experimental_1/data/data_blur/uniform_samples/test/RTHTRS_705-f3b4f36832_1_resized_blur.mp4,1,1
6,/content/drive/MyDrive/ucf_experiments/ciclo_experimental_1/data/data_blur/uniform_samples/test/6Rl7q_kXYbg_1-a0722e5f2e_1_resized_blur.mp4,0,1
7,/content/drive/MyDrive/ucf_experiments/ciclo_experimental_1/data/data_blur/uniform_samples/test/trtrhrt_1040-bb1c31ddb0_1_resized_blur.mp4,1,1
8,/content/drive/MyDrive/ucf_experiments/ciclo_experimental_1/data/data_blur/uniform_samples/test/PL8idmS7_0-ef6e8376f7_0_resized_blur.mp4,0,0
9,/content/drive/MyDrive/ucf_experiments/ciclo_experimental_1/data/data_blur/uniform_samples/test/Bp3wCVsS_0-a9c162a73f_0_resized_blur.mp4,0,0
10,/content/drive/MyDrive/ucf_experiments/ciclo_experimental_1/data/data_blur/uniform_samples/test/etyiEs3j8x8_2-df2fe551f4_0_resized_blur.mp4,0,0
11,/content/drive/MyDrive/ucf_experiments/ciclo_experimental_1/data/data_blur/uniform_samples/test/SJRnWfHAx_E_2-3aa471d2c9_0_resized_blur.mp4,0,0
12,/content/drive/MyDrive/ucf_experiments/ciclo_experimental_1/data/data_blur/uniform_samples/test/A7FCl8G35Cs_1-23207e08af_0_resized_blur.mp4,0,0
13,/content/drive/MyDrive/ucf_experiments/ciclo_experimental_1/data/data_blur/uniform_samples/test/I-QiUMPTWNE_8-e390c33e76_1_resized_blur.mp4,0,1
14,/content/drive/MyDrive/ucf_experiments/ciclo_experimental_1/data/data_blur/uniform_samples/test/RIXaF_TkLlU_1-df25cab8bc_1_resized_blur.mp4,1,1
15,/content/drive/MyDrive/ucf_experiments/ciclo_experimental_1/data/data_blur/uniform_samples/test/JECBfnp2ZXc_1-e4fa076542_1_resized_blur.mp4,0,1
16,/content/drive/MyDrive/ucf_experiments/ciclo_experimental_1/data/data_blur/uniform_samples/test/I-QiUMPTWNE_5-50d8fd3500_1_resized_blur.mp4,0,1
17,/content/drive/MyDrive/ucf_experiments/ciclo_experimental_1/data/data_blur/uniform_samples/test/fbtEhNq5a6E_0-da5f040a7a_1_resized_blur.mp4,0,1
18,/content/drive/MyDrive/ucf_experiments/ciclo_experimental_1/data/data_blur/uniform_samples/test/1Kbw1bUw_3-e89578ce94_1_resized_blur.mp4,0,1
19,/content/drive/MyDrive/ucf_experiments/ciclo_experimental_1/data/data_blur/uniform_samples/test/etyiEs3j8x8_8-ddcf927cf0_1_resized_blur.mp4,1,1
20,/content/drive/MyDrive/ucf_experiments/ciclo_experimental_1/data/data_blur/uniform_samples/test/zWevuNTR_0-722311b887_0_resized_blur.mp4,0,0
21,/content/drive/MyDrive/ucf_experiments/ciclo_experimental_1/data/data_blur/uniform_samples/test/g6jdqkcdgqk_5-18c92c2144_1_resized_blur.mp4,1,1
22,/content/drive/MyDrive/ucf_experiments/ciclo_experimental_1/data/data_blur/uniform_samples/test/RTHTRS_707-6b60d3b13a_1_resized_blur.mp4,1,1
23,/content/drive/MyDrive/ucf_experiments/ciclo_experimental_1/data/data_blur/uniform_samples/test/TP6mtOzL_0-26fac665fd_0_resized_blur.mp4,0,0
24,/content/drive/MyDrive/ucf_experiments/ciclo_experimental_1/data/data_blur/uniform_samples/test/Qj3oZsaqNGE_0-16d7c21df2_0_resized_blur.mp4,0,0
25,/content/drive/MyDrive/ucf_experiments/ciclo_experimental_1/data/data_blur/uniform_samples/test/wMcODEtzJIA_1-29eafbfe38_0_resized_blur.mp4,0,0
26,/content/drive/MyDrive/ucf_experiments/ciclo_experimental_1/data/data_blur/uniform_samples/test/y_vX9FtjLaQ_0-a9a8e58f70_1_resized_blur.mp4,0,1
27,/content/drive/MyDrive/ucf_experiments/ciclo_experimental_1/data/data_blur/uniform_samples/test/39BFeYnbu-I_8-d1f9480029_1_resized_blur.mp4,1,1
28,/content/drive/MyDrive/ucf_experiments/ciclo_experimental_1/data/data_blur/uniform_samples/test/SJRnWfHAx_E_1-a77047fb0d_0_resized_blur.mp4,0,0
29,/content/drive/MyDrive/ucf_experiments/ciclo_experimental_1/data/data_blur/uniform_samples/test/etyiEs3j8x8_3-c3a50de0a1_1_resized_blur.mp4,1,1
30,/content/drive/MyDrive/ucf_experiments/ciclo_experimental_1/data/data_blur/uniform_samples/test/JECBfnp2ZXc_0-9d4a670d0f_0_resized_blur.mp4,0,0
31,/content/drive/MyDrive/ucf_experiments/ciclo_experimental_1/data/data_blur/uniform_samples/test/Assault006_x264_0-35f16e46e8_0_resized_blur.mp4,0,0
32,/content/drive/MyDrive/ucf_experiments/ciclo_experimental_1/data/data_blur/uniform_samples/test/RTHTRS_698-755792f5f8_1_resized_blur.mp4,1,1
33,/content/drive/MyDrive/ucf_experiments/ciclo_experimental_1/data/data_blur/uniform_samples/test/vAV3vIGr_0-0291540739_0_resized_blur.mp4,0,0
34,/content/drive/MyDrive/ucf_experiments/ciclo_experimental_1/data/data_blur/uniform_samples/test/Assault006_x264_1-aa0e2dc611_0_resized_blur.mp4,0,0
35,/content/drive/MyDrive/ucf_experiments/ciclo_experimental_1/data/data_blur/uniform_samples/test/g-qjkePEXQA_1-1d9f712d66_1_resized_blur.mp4,1,1
36,/content/drive/MyDrive/ucf_experiments/ciclo_experimental_1/data/data_blur/uniform_samples/test/I-QiUMPTWNE_2-b4c4936f04_0_resized_blur.mp4,0,0
37,/content/drive/MyDrive/ucf_experiments/ciclo_experimental_1/data/data_blur/uniform_samples/test/0Ow4cotKOuw_3-12e1cf3938_1_resized_blur.mp4,1,1
38,/content/drive/MyDrive/ucf_experiments/ciclo_experimental_1/data/data_blur/uniform_samples/test/bW2vHhYbzHM_0-f3daeb2c85_1_resized_blur.mp4,0,1
39,/content/drive/MyDrive/ucf_experiments/ciclo_experimental_1/data/data_blur/uniform_samples/test/48J5lk4QcpE_0-e7c65fe81e_1_resized_blur.mp4,1,1
40,/content/drive/MyDrive/ucf_experiments/ciclo_experimental_1/data/data_blur/uniform_samples/test/6Rl7q_kXYbg_4-25a1be3cbc_1_resized_blur.mp4,1,1
41,/content/drive/MyDrive/ucf_experiments/ciclo_experimental_1/data/data_blur/uniform_samples/test/nuf-d5GugL0_0-9d8a250cfc_1_resized_blur.mp4,1,1
42,/content/drive/MyDrive/ucf_experiments/ciclo_experimental_1/data/data_blur/uniform_samples/test/1Kbw1bUw_2-e2dd4c2560_1_resized_blur.mp4,0,1
43,/content/drive/MyDrive/ucf_experiments/ciclo_experimental_1/data/data_blur/uniform_samples/test/E9SvEiNt_0-5fb6978121_0_resized_blur.mp4,0,0
44,/content/drive/MyDrive/ucf_experiments/ciclo_experimental_1/data/data_blur/uniform_samples/test/y2pGPMqikJg_1-95828c9672_0_resized_blur.mp4,0,0
45,/content/drive/MyDrive/ucf_experiments/ciclo_experimental_1/data/data_blur/uniform_samples/test/1MVS2QPWbHc_4-cd8679c098_1_resized_blur.mp4,1,1
46,/content/drive/MyDrive/ucf_experiments/ciclo_experimental_1/data/data_blur/uniform_samples/test/EFv961C5RgY_1-610828c920_1_resized_blur.mp4,1,1
47,/content/drive/MyDrive/ucf_experiments/ciclo_experimental_1/data/data_blur/uniform_samples/test/LruY67tu_0-b5fbeadd1c_0_resized_blur.mp4,0,0
48,/content/drive/MyDrive/ucf_experiments/ciclo_experimental_1/data/data_blur/uniform_samples/test/vDeu44Su_0-71e29816f5_0_resized_blur.mp4,0,0
49,/content/drive/MyDrive/ucf_experiments/ciclo_experimental_1/data/data_blur/uniform_samples/test/IvimSdBV_0-d4639c14ec_0_resized_blur.mp4,0,0
50,/content/drive/MyDrive/ucf_experiments/ciclo_experimental_1/data/data_blur/uniform_samples/test/XM0NI7ZmwWM_0-a62b584d14_1_resized_blur.mp4,0,1
51,/content/drive/MyDrive/ucf_experiments/ciclo_experimental_1/data/data_blur/uniform_samples/test/kMgCk8Ku_0-a1073542ce_0_resized_blur.mp4,0,0
52,/content/drive/MyDrive/ucf_experiments/ciclo_experimental_1/data/data_blur/uniform_samples/test/UoS3KEYq_0-107c49a01f_0_resized_blur.mp4,0,0
53,/content/drive/MyDrive/ucf_experiments/ciclo_experimental_1/data/data_blur/uniform_samples/test/6Rl7q_kXYbg_5-b9d73b5456_1_resized_blur.mp4,1,1
54,/content/drive/MyDrive/ucf_experiments/ciclo_experimental_1/data/data_blur/uniform_samples/test/I-QiUMPTWNE_0-68bad1317d_1_resized_blur.mp4,1,1
55,/content/drive/MyDrive/ucf_experiments/ciclo_experimental_1/data/data_blur/uniform_samples/test/XM0NI7ZmwWM_2-b10d3d17ca_1_resized_blur.mp4,1,1
56,/content/drive/MyDrive/ucf_experiments/ciclo_experimental_1/data/data_blur/uniform_samples/test/1MVS2QPWbHc_2-27d753d49a_1_resized_blur.mp4,1,1
57,/content/drive/MyDrive/ucf_experiments/ciclo_experimental_1/data/data_blur/uniform_samples/test/YukOkfIj_0-2a76019ed7_0_resized_blur.mp4,1,0
58,/content/drive/MyDrive/ucf_experiments/ciclo_experimental_1/data/data_blur/uniform_samples/test/39BFeYnbu-I_3-2a3f3c260f_1_resized_blur.mp4,1,1
59,/content/drive/MyDrive/ucf_experiments/ciclo_experimental_1/data/data_blur/uniform_samples/test/NYvOWjLU_0-7a03db69a5_0_resized_blur.mp4,0,0
60,/content/drive/MyDrive/ucf_experiments/ciclo_experimental_1/data/data_blur/uniform_samples/test/SJRnWfHAx_E_0-c217f3db1a_1_resized_blur.mp4,1,1
61,/content/drive/MyDrive/ucf_experiments/ciclo_experimental_1/data/data_blur/uniform_samples/test/YDOJvzChqSg_0-5ebf56fcae_0_resized_blur.mp4,0,0
62,/content/drive/MyDrive/ucf_experiments/ciclo_experimental_1/data/data_blur/uniform_samples/test/FXC43fACfPc_0-329a1ee171_1_resized_blur.mp4,0,1
63,/content/drive/MyDrive/ucf_experiments/ciclo_experimental_1/data/data_blur/uniform_samples/test/l82NDOvk_0-5b11d3ca99_0_resized_blur.mp4,0,0
64,/content/drive/MyDrive/ucf_experiments/ciclo_experimental_1/data/data_blur/uniform_samples/test/EB08Cq4t_0-493e37a222_0_resized_blur.mp4,0,0
65,/content/drive/MyDrive/ucf_experiments/ciclo_experimental_1/data/data_blur/uniform_samples/test/trtrhrt_1049-9de5aafeb4_1_resized_blur.mp4,1,1
66,/content/drive/MyDrive/ucf_experiments/ciclo_experimental_1/data/data_blur/uniform_samples/test/1MVS2QPWbHc_5-31581edbed_1_resized_blur.mp4,0,1
67,/content/drive/MyDrive/ucf_experiments/ciclo_experimental_1/data/data_blur/uniform_samples/test/OvDMIkTb4XU_2-86c5032312_1_resized_blur.mp4,0,1
68,/content/drive/MyDrive/ucf_experiments/ciclo_experimental_1/data/data_blur/uniform_samples/test/y_vX9FtjLaQ_3-cbf66a3aa9_1_resized_blur.mp4,1,1
69,/content/drive/MyDrive/ucf_experiments/ciclo_experimental_1/data/data_blur/uniform_samples/test/A7FCl8G35Cs_1-b64e25c016_1_resized_blur.mp4,1,1
70,/content/drive/MyDrive/ucf_experiments/ciclo_experimental_1/data/data_blur/uniform_samples/test/mwuiYEBdkJs_5-1fbb2319df_1_resized_blur.mp4,1,1
71,/content/drive/MyDrive/ucf_experiments/ciclo_experimental_1/data/data_blur/uniform_samples/test/NWIc3Yat_0-e6935c6e2e_0_resized_blur.mp4,0,0
72,/content/drive/MyDrive/ucf_experiments/ciclo_experimental_1/data/data_blur/uniform_samples/test/hytjfg_354-aab966b0fe_1_resized_blur.mp4,1,1
73,/content/drive/MyDrive/ucf_experiments/ciclo_experimental_1/data/data_blur/uniform_samples/test/trtrhrt_1053-cf3bce0933_1_resized_blur.mp4,0,1
74,/content/drive/MyDrive/ucf_experiments/ciclo_experimental_1/data/data_blur/uniform_samples/test/etyiEs3j8x8_1-7bd931fc38_0_resized_blur.mp4,1,0
75,/content/drive/MyDrive/ucf_experiments/ciclo_experimental_1/data/data_blur/uniform_samples/test/Qtcwz_K2Gvo_0-2868079cac_1_resized_blur.mp4,1,1
76,/content/drive/MyDrive/ucf_experiments/ciclo_experimental_1/data/data_blur/uniform_samples/test/ojZVUz7i_0-8f9054a127_0_resized_blur.mp4,0,0
77,/content/drive/MyDrive/ucf_experiments/ciclo_experimental_1/data/data_blur/uniform_samples/test/tf_X7GtOGyE_3-8f48b8b87b_1_resized_blur.mp4,1,1
78,/content/drive/MyDrive/ucf_experiments/ciclo_experimental_1/data/data_blur/uniform_samples/test/1MVS2QPWbHc_1-28a66d75e6_0_resized_blur.mp4,0,0
79,/content/drive/MyDrive/ucf_experiments/ciclo_experimental_1/data/data_blur/uniform_samples/test/1AURh0Wj_0-3baf5a5d66_0_resized_blur.mp4,0,0
80,/content/drive/MyDrive/ucf_experiments/ciclo_experimental_1/data/data_blur/uniform_samples/test/zMbmPG71_0-b44f00e2ab_0_resized_blur.mp4,0,0
81,/content/drive/MyDrive/ucf_experiments/ciclo_experimental_1/data/data_blur/uniform_samples/test/TYRFDVD_1105-098c7df553_1_resized_blur.mp4,1,1
82,/content/drive/MyDrive/ucf_experiments/ciclo_experimental_1/data/data_blur/uniform_samples/test/g-qjkePEXQA_2-5fb2e02193_1_resized_blur.mp4,1,1
83,/content/drive/MyDrive/ucf_experiments/ciclo_experimental_1/data/data_blur/uniform_samples/test/LKdiIccO_0-b2a340a3a7_0_resized_blur.mp4,0,0
84,/content/drive/MyDrive/ucf_experiments/ciclo_experimental_1/data/data_blur/uniform_samples/test/1W8hsVvyKt4_0-cb5ba995cb_0_resized_blur.mp4,1,0
85,/content/drive/MyDrive/ucf_experiments/ciclo_experimental_1/data/data_blur/uniform_samples/test/TYRFDVD_1109-75f0968fe1_1_resized_blur.mp4,1,1
86,/content/drive/MyDrive/ucf_experiments/ciclo_experimental_1/data/data_blur/uniform_samples/test/66U2c3YMjOI_1-99b1e27e83_0_resized_blur.mp4,0,0
87,/content/drive/MyDrive/ucf_experiments/ciclo_experimental_1/data/data_blur/uniform_samples/test/Cw0HuNI5_0-cff7a6d571_0_resized_blur.mp4,0,0
88,/content/drive/MyDrive/ucf_experiments/ciclo_experimental_1/data/data_blur/uniform_samples/test/mwuiYEBdkJs_4-7df6d6de9d_1_resized_blur.mp4,0,1
89,/content/drive/MyDrive/ucf_experiments/ciclo_experimental_1/data/data_blur/uniform_samples/test/Ob0YCDgS_0-47849ede41_0_resized_blur.mp4,0,0
90,/content/drive/MyDrive/ucf_experiments/ciclo_experimental_1/data/data_blur/uniform_samples/test/Ry5c1PbcIa0_0-6e1b3f2622_0_resized_blur.mp4,0,0
91,/content/drive/MyDrive/ucf_experiments/ciclo_experimental_1/data/data_blur/uniform_samples/test/v4dhdnsxiX4_1-a072ab1f3d_1_resized_blur.mp4,1,1
92,/content/drive/MyDrive/ucf_experiments/ciclo_experimental_1/data/data_blur/uniform_samples/test/ZwhC7Kyg_0-9c51610b6f_0_resized_blur.mp4,0,0
93,/content/drive/MyDrive/ucf_experiments/ciclo_experimental_1/data/data_blur/uniform_samples/test/QRJFLxqK_0-4409429849_0_resized_blur.mp4,0,0
94,/content/drive/MyDrive/ucf_experiments/ciclo_experimental_1/data/data_blur/uniform_samples/test/nVdn1krnTCQ_0-2d5d16569e_0_resized_blur.mp4,1,0
95,/content/drive/MyDrive/ucf_experiments/ciclo_experimental_1/data/data_blur/uniform_samples/test/LtfqEsod_0-f0bce90378_0_resized_blur.mp4,0,0
96,/content/drive/MyDrive/ucf_experiments/ciclo_experimental_1/data/data_blur/uniform_samples/test/JECBfnp2ZXc_4-0c9eb84d5c_1_resized_blur.mp4,0,1
97,/content/drive/MyDrive/ucf_experiments/ciclo_experimental_1/data/data_blur/uniform_samples/test/xV69l7Vj_0-c93d4ba61f_0_resized_blur.mp4,0,0
98,/content/drive/MyDrive/ucf_experiments/ciclo_experimental_1/data/data_blur/uniform_samples/test/ZCUy99AN_0-6efea6255f_0_resized_blur.mp4,0,0
99,/content/drive/MyDrive/ucf_experiments/ciclo_experimental_1/data/data_blur/uniform_samples/test/YDOJvzChqSg_0-3e927ee21d_1_resized_blur.mp4,1,1
100,/content/drive/MyDrive/ucf_experiments/ciclo_experimental_1/data/data_blur/uniform_samples/test/1W8hsVvyKt4_2-1007addd1f_0_resized_blur.mp4,1,0
101,/content/drive/MyDrive/ucf_experiments/ciclo_experimental_1/data/data_blur/uniform_samples/test/6doZoiaG9PM_0-f9ada73051_0_resized_blur.mp4,0,0
102,/content/drive/MyDrive/ucf_experiments/ciclo_experimental_1/data/data_blur/uniform_samples/test/2lrARl7utL4_0-3b450b40a6_0_resized_blur.mp4,0,0
103,/content/drive/MyDrive/ucf_experiments/ciclo_experimental_1/data/data_blur/uniform_samples/test/y_vX9FtjLaQ_1-b6207daaa8_1_resized_blur.mp4,1,1
104,/content/drive/MyDrive/ucf_experiments/ciclo_experimental_1/data/data_blur/uniform_samples/test/O2rd3LTv_0-b915de8ad9_0_resized_blur.mp4,0,0
105,/content/drive/MyDrive/ucf_experiments/ciclo_experimental_1/data/data_blur/uniform_samples/test/trtrhrt_1048-79496f9418_1_resized_blur.mp4,1,1
106,/content/drive/MyDrive/ucf_experiments/ciclo_experimental_1/data/data_blur/uniform_samples/test/ngv36FBY_0-20e70efbfd_0_resized_blur.mp4,0,0
107,/content/drive/MyDrive/ucf_experiments/ciclo_experimental_1/data/data_blur/uniform_samples/test/RQt37bnC_0-9a8501b3a1_0_resized_blur.mp4,0,0
108,/content/drive/MyDrive/ucf_experiments/ciclo_experimental_1/data/data_blur/uniform_samples/test/NnUOjff0_0-de18431750_0_resized_blur.mp4,1,0
109,/content/drive/MyDrive/ucf_experiments/ciclo_experimental_1/data/data_blur/uniform_samples/test/SDFDSSDF_977-50f98184f4_1_resized_blur.mp4,1,1
110,/content/drive/MyDrive/ucf_experiments/ciclo_experimental_1/data/data_blur/uniform_samples/test/v4dhdnsxiX4_0-1d2eb26566_1_resized_blur.mp4,1,1
111,/content/drive/MyDrive/ucf_experiments/ciclo_experimental_1/data/data_blur/uniform_samples/test/egQvmVL2_0-a22b17be2c_0_resized_blur.mp4,0,0
112,/content/drive/MyDrive/ucf_experiments/ciclo_experimental_1/data/data_blur/uniform_samples/test/rtSWit6k_0-bf36722c25_0_resized_blur.mp4,0,0
113,/content/drive/MyDrive/ucf_experiments/ciclo_experimental_1/data/data_blur/uniform_samples/test/etyiEs3j8x8_2-d2414ea8bc_1_resized_blur.mp4,1,1
114,/content/drive/MyDrive/ucf_experiments/ciclo_experimental_1/data/data_blur/uniform_samples/test/nTsOksk7_0-7889e1441d_0_resized_blur.mp4,1,0
115,/content/drive/MyDrive/ucf_experiments/ciclo_experimental_1/data/data_blur/uniform_samples/test/YDOJvzChqSg_3-1f728f701c_1_resized_blur.mp4,1,1
116,/content/drive/MyDrive/ucf_experiments/ciclo_experimental_1/data/data_blur/uniform_samples/test/etyiEs3j8x8_5-3b72d5c6e9_1_resized_blur.mp4,1,1
117,/content/drive/MyDrive/ucf_experiments/ciclo_experimental_1/data/data_blur/uniform_samples/test/eb4Oant1_0-5f7469ef71_0_resized_blur.mp4,0,0
118,/content/drive/MyDrive/ucf_experiments/ciclo_experimental_1/data/data_blur/uniform_samples/test/0Ow4cotKOuw_4-530f392308_1_resized_blur.mp4,1,1
119,/content/drive/MyDrive/ucf_experiments/ciclo_experimental_1/data/data_blur/uniform_samples/test/IMA4zYs83Lo_0-db56b50875_0_resized_blur.mp4,0,0
120,/content/drive/MyDrive/ucf_experiments/ciclo_experimental_1/data/data_blur/uniform_samples/test/fGyFpyjd_0-c2c2339f55_0_resized_blur.mp4,0,0
121,/content/drive/MyDrive/ucf_experiments/ciclo_experimental_1/data/data_blur/uniform_samples/test/zsvJyWXp_0-1285290bfa_0_resized_blur.mp4,0,0
122,/content/drive/MyDrive/ucf_experiments/ciclo_experimental_1/data/data_blur/uniform_samples/test/39BFeYnbu-I_7-cdf61ba364_1_resized_blur.mp4,0,1
123,/content/drive/MyDrive/ucf_experiments/ciclo_experimental_1/data/data_blur/uniform_samples/test/mwuiYEBdkJs_0-223615868a_0_resized_blur.mp4,0,0
124,/content/drive/MyDrive/ucf_experiments/ciclo_experimental_1/data/data_blur/uniform_samples/test/6Rl7q_kXYbg_0-004ee19b28_0_resized_blur.mp4,0,0
125,/content/drive/MyDrive/ucf_experiments/ciclo_experimental_1/data/data_blur/uniform_samples/test/6Rl7q_kXYbg_0-a15f07e118_1_resized_blur.mp4,0,1
126,/content/drive/MyDrive/ucf_experiments/ciclo_experimental_1/data/data_blur/uniform_samples/test/aZxUVVqk_0-5dc930e0b6_0_resized_blur.mp4,0,0
127,/content/drive/MyDrive/ucf_experiments/ciclo_experimental_1/data/data_blur/uniform_samples/test/Qj3oZsaqNGE_1-61a1ca39ad_1_resized_blur.mp4,1,1
128,/content/drive/MyDrive/ucf_experiments/ciclo_experimental_1/data/data_blur/uniform_samples/test/SJRnWfHAx_E_0-37af17f87a_0_resized_blur.mp4,0,0
129,/content/drive/MyDrive/ucf_experiments/ciclo_experimental_1/data/data_blur/uniform_samples/test/RIXaF_TkLlU_3-5cadb760ef_1_resized_blur.mp4,1,1
130,/content/drive/MyDrive/ucf_experiments/ciclo_experimental_1/data/data_blur/uniform_samples/test/qaAclucigpY_2-006a07d80b_1_resized_blur.mp4,1,1
131,/content/drive/MyDrive/ucf_experiments/ciclo_experimental_1/data/data_blur/uniform_samples/test/K4qpMWJS_0-61060c5bb2_0_resized_blur.mp4,0,0
132,/content/drive/MyDrive/ucf_experiments/ciclo_experimental_1/data/data_blur/uniform_samples/test/Yma07mlW_0-dac2d564bf_0_resized_blur.mp4,0,0
133,/content/drive/MyDrive/ucf_experiments/ciclo_experimental_1/data/data_blur/uniform_samples/test/OvDMIkTb4XU_0-4d038020a4_1_resized_blur.mp4,1,1
134,/content/drive/MyDrive/ucf_experiments/ciclo_experimental_1/data/data_blur/uniform_samples/test/6doZoiaG9PM_1-e5ec683b2a_0_resized_blur.mp4,0,0
135,/content/drive/MyDrive/ucf_experiments/ciclo_experimental_1/data/data_blur/uniform_samples/test/I9OYGpUd_0-75def7df03_0_resized_blur.mp4,0,0
136,/content/drive/MyDrive/ucf_experiments/ciclo_experimental_1/data/data_blur/uniform_samples/test/66U2c3YMjOI_0-8f41ecfc7d_0_resized_blur.mp4,0,0
137,/content/drive/MyDrive/ucf_experiments/ciclo_experimental_1/data/data_blur/uniform_samples/test/e5Dmmply_0-3dad2a4f9f_1_resized_blur.mp4,0,1
138,/content/drive/MyDrive/ucf_experiments/ciclo_experimental_1/data/data_blur/uniform_samples/test/6Rl7q_kXYbg_2-5b941b2d8c_1_resized_blur.mp4,0,1
139,/content/drive/MyDrive/ucf_experiments/ciclo_experimental_1/data/data_blur/uniform_samples/test/N8M1mmW9_0-3f3a478d30_0_resized_blur.mp4,0,0
140,/content/drive/MyDrive/ucf_experiments/ciclo_experimental_1/data/data_blur/uniform_samples/test/y_vX9FtjLaQ_2-91e80d89cb_1_resized_blur.mp4,0,1
141,/content/drive/MyDrive/ucf_experiments/ciclo_experimental_1/data/data_blur/uniform_samples/test/1MVS2QPWbHc_0-00a0369e8d_1_resized_blur.mp4,1,1
142,/content/drive/MyDrive/ucf_experiments/ciclo_experimental_1/data/data_blur/uniform_samples/test/RTHTRS_718-27740b1a46_1_resized_blur.mp4,1,1
143,/content/drive/MyDrive/ucf_experiments/ciclo_experimental_1/data/data_blur/uniform_samples/test/6Rl7q_kXYbg_3-a1072cde65_1_resized_blur.mp4,0,1
144,/content/drive/MyDrive/ucf_experiments/ciclo_experimental_1/data/data_blur/uniform_samples/test/vXGRa5D6_0-ff395f3141_0_resized_blur.mp4,0,0
145,/content/drive/MyDrive/ucf_experiments/ciclo_experimental_1/data/data_blur/uniform_samples/test/I-QiUMPTWNE_0-1b0af2a5d9_0_resized_blur.mp4,0,0
146,/content/drive/MyDrive/ucf_experiments/ciclo_experimental_1/data/data_blur/uniform_samples/test/v1Sb6NhU_0-9cf9cf316b_0_resized_blur.mp4,0,0
147,/content/drive/MyDrive/ucf_experiments/ciclo_experimental_1/data/data_blur/uniform_samples/test/6doZoiaG9PM_2-77a88deaa8_0_resized_blur.mp4,0,0
148,/content/drive/MyDrive/ucf_experiments/ciclo_experimental_1/data/data_blur/uniform_samples/test/VGKvz9qZ_0-8e2faa40bb_0_resized_blur.mp4,0,0
149,/content/drive/MyDrive/ucf_experiments/ciclo_experimental_1/data/data_blur/uniform_samples/test/8s3rES1a_0-d96fee14e7_0_resized_blur.mp4,0,0
150,/content/drive/MyDrive/ucf_experiments/ciclo_experimental_1/data/data_blur/uniform_samples/test/Yf55ftZR_0-12893f6c5f_0_resized_blur.mp4,0,0
151,/content/drive/MyDrive/ucf_experiments/ciclo_experimental_1/data/data_blur/uniform_samples/test/SDFDSSDF_974-25da21775d_1_resized_blur.mp4,1,1
152,/content/drive/MyDrive/ucf_experiments/ciclo_experimental_1/data/data_blur/uniform_samples/test/VtIQbKvy_0-a788917361_0_resized_blur.mp4,0,0
153,/content/drive/MyDrive/ucf_experiments/ciclo_experimental_1/data/data_blur/uniform_samples/test/PNgE-OKjhgU_0-cf6bf3728d_0_resized_blur.mp4,0,0
154,/content/drive/MyDrive/ucf_experiments/ciclo_experimental_1/data/data_blur/uniform_samples/test/tSk5CEXB_0-b5559d6157_0_resized_blur.mp4,0,0
155,/content/drive/MyDrive/ucf_experiments/ciclo_experimental_1/data/data_blur/uniform_samples/test/1W8hsVvyKt4_3-7ae8c54e12_0_resized_blur.mp4,0,0
156,/content/drive/MyDrive/ucf_experiments/ciclo_experimental_1/data/data_blur/uniform_samples/test/BySljls4_0-0a8e4eec4d_0_resized_blur.mp4,0,0
157,/content/drive/MyDrive/ucf_experiments/ciclo_experimental_1/data/data_blur/uniform_samples/test/nVdn1krnTCQ_6-ec3be1ac7f_1_resized_blur.mp4,1,1
158,/content/drive/MyDrive/ucf_experiments/ciclo_experimental_1/data/data_blur/uniform_samples/test/y_vX9FtjLaQ_5-523c2608be_1_resized_blur.mp4,0,1
159,/content/drive/MyDrive/ucf_experiments/ciclo_experimental_1/data/data_blur/uniform_samples/test/scznszmE_0-461a92c8ea_0_resized_blur.mp4,0,0
160,/content/drive/MyDrive/ucf_experiments/ciclo_experimental_1/data/data_blur/uniform_samples/test/2lrARl7utL4_2-daf2d0c234_0_resized_blur.mp4,0,0
161,/content/drive/MyDrive/ucf_experiments/ciclo_experimental_1/data/data_blur/uniform_samples/test/nuf-d5GugL0_2-8d7cf651d7_1_resized_blur.mp4,1,1
162,/content/drive/MyDrive/ucf_experiments/ciclo_experimental_1/data/data_blur/uniform_samples/test/y2pGPMqikJg_0-f25a933ecf_0_resized_blur.mp4,0,0
163,/content/drive/MyDrive/ucf_experiments/ciclo_experimental_1/data/data_blur/uniform_samples/test/Xcd0v-KhKL4_0-ce832b4659_1_resized_blur.mp4,1,1
164,/content/drive/MyDrive/ucf_experiments/ciclo_experimental_1/data/data_blur/uniform_samples/test/RTHTRS_697-265a595861_1_resized_blur.mp4,1,1
165,/content/drive/MyDrive/ucf_experiments/ciclo_experimental_1/data/data_blur/uniform_samples/test/SDFDSSDF_978-2ac703e00f_1_resized_blur.mp4,1,1
166,/content/drive/MyDrive/ucf_experiments/ciclo_experimental_1/data/data_blur/uniform_samples/test/48J5lk4QcpE_3-581788da8a_1_resized_blur.mp4,1,1
167,/content/drive/MyDrive/ucf_experiments/ciclo_experimental_1/data/data_blur/uniform_samples/test/TYRFDVD_1110-fdf9a55b0e_1_resized_blur.mp4,1,1
168,/content/drive/MyDrive/ucf_experiments/ciclo_experimental_1/data/data_blur/uniform_samples/test/nVdn1krnTCQ_2-5257f15509_1_resized_blur.mp4,1,1
169,/content/drive/MyDrive/ucf_experiments/ciclo_experimental_1/data/data_blur/uniform_samples/test/39BFeYnbu-I_0-15892efee6_1_resized_blur.mp4,1,1
170,/content/drive/MyDrive/ucf_experiments/ciclo_experimental_1/data/data_blur/uniform_samples/test/XM0NI7ZmwWM_1-52bc1122d2_1_resized_blur.mp4,0,1
171,/content/drive/MyDrive/ucf_experiments/ciclo_experimental_1/data/data_blur/uniform_samples/test/iE9hzgQD_0-cc0526f68c_0_resized_blur.mp4,0,0
172,/content/drive/MyDrive/ucf_experiments/ciclo_experimental_1/data/data_blur/uniform_samples/test/RTHTRS_717-98fe856b9e_1_resized_blur.mp4,1,1
173,/content/drive/MyDrive/ucf_experiments/ciclo_experimental_1/data/data_blur/uniform_samples/test/qaAclucigpY_1-29641a8472_1_resized_blur.mp4,1,1
174,/content/drive/MyDrive/ucf_experiments/ciclo_experimental_1/data/data_blur/uniform_samples/test/I-QiUMPTWNE_4-510575a5d0_1_resized_blur.mp4,0,1
175,/content/drive/MyDrive/ucf_experiments/ciclo_experimental_1/data/data_blur/uniform_samples/test/LoQZojhn_0-a9587bec51_0_resized_blur.mp4,0,0
176,/content/drive/MyDrive/ucf_experiments/ciclo_experimental_1/data/data_blur/uniform_samples/test/7gLKFV5voOg_1-e75aea359a_1_resized_blur.mp4,0,1
177,/content/drive/MyDrive/ucf_experiments/ciclo_experimental_1/data/data_blur/uniform_samples/test/YDOJvzChqSg_2-88fc0785d0_1_resized_blur.mp4,1,1
178,/content/drive/MyDrive/ucf_experiments/ciclo_experimental_1/data/data_blur/uniform_samples/test/JECBfnp2ZXc_2-577ae9abe6_0_resized_blur.mp4,0,0
179,/content/drive/MyDrive/ucf_experiments/ciclo_experimental_1/data/data_blur/uniform_samples/test/SDFDSSDF_976-13cf676025_1_resized_blur.mp4,1,1
180,/content/drive/MyDrive/ucf_experiments/ciclo_experimental_1/data/data_blur/uniform_samples/test/Fwhi4UNI_0-0a4b08a6c3_0_resized_blur.mp4,0,0
181,/content/drive/MyDrive/ucf_experiments/ciclo_experimental_1/data/data_blur/uniform_samples/test/etyiEs3j8x8_0-51759ae3ba_1_resized_blur.mp4,1,1
182,/content/drive/MyDrive/ucf_experiments/ciclo_experimental_1/data/data_blur/uniform_samples/test/nuf-d5GugL0_3-c1fef06a1d_1_resized_blur.mp4,1,1
183,/content/drive/MyDrive/ucf_experiments/ciclo_experimental_1/data/data_blur/uniform_samples/test/SDFDSSDF_972-4e28323804_1_resized_blur.mp4,1,1
184,/content/drive/MyDrive/ucf_experiments/ciclo_experimental_1/data/data_blur/uniform_samples/test/4I1DGWsh_0-3944c67df7_0_resized_blur.mp4,1,0
185,/content/drive/MyDrive/ucf_experiments/ciclo_experimental_1/data/data_blur/uniform_samples/test/2qFnVnnZ_0-a9ffcfd017_0_resized_blur.mp4,0,0
186,/content/drive/MyDrive/ucf_experiments/ciclo_experimental_1/data/data_blur/uniform_samples/test/y_vX9FtjLaQ_4-78c054f9dd_1_resized_blur.mp4,1,1
187,/content/drive/MyDrive/ucf_experiments/ciclo_experimental_1/data/data_blur/uniform_samples/test/PNgE-OKjhgU_1-a3bf8817a4_0_resized_blur.mp4,0,0
188,/content/drive/MyDrive/ucf_experiments/ciclo_experimental_1/data/data_blur/uniform_samples/test/fO2vb61DcUk_0-43e1e85c6a_0_resized_blur.mp4,0,0
189,/content/drive/MyDrive/ucf_experiments/ciclo_experimental_1/data/data_blur/uniform_samples/test/RETYTDF_523-d53778982e_1_resized_blur.mp4,1,1
190,/content/drive/MyDrive/ucf_experiments/ciclo_experimental_1/data/data_blur/uniform_samples/test/v4dhdnsxiX4_2-2511491e98_1_resized_blur.mp4,1,1
191,/content/drive/MyDrive/ucf_experiments/ciclo_experimental_1/data/data_blur/uniform_samples/test/FXC43fACfPc_2-6bdcdc908f_1_resized_blur.mp4,1,1
192,/content/drive/MyDrive/ucf_experiments/ciclo_experimental_1/data/data_blur/uniform_samples/test/e5Dmmply_1-21e9e10fa1_1_resized_blur.mp4,1,1
193,/content/drive/MyDrive/ucf_experiments/ciclo_experimental_1/data/data_blur/uniform_samples/test/OvDMIkTb4XU_4-c39d81bc65_1_resized_blur.mp4,1,1
194,/content/drive/MyDrive/ucf_experiments/ciclo_experimental_1/data/data_blur/uniform_samples/test/vKUjLaXO_0-418a442ae7_0_resized_blur.mp4,0,0
195,/content/drive/MyDrive/ucf_experiments/ciclo_experimental_1/data/data_blur/uniform_samples/test/8SmT9rE9_0-09d8c5a8cc_0_resized_blur.mp4,0,0
196,/content/drive/MyDrive/ucf_experiments/ciclo_experimental_1/data/data_blur/uniform_samples/test/39BFeYnbu-I_5-84ed4eb122_1_resized_blur.mp4,1,1
197,/content/drive/MyDrive/ucf_experiments/ciclo_experimental_1/data/data_blur/uniform_samples/test/yFaADLZw_0-96cd5eac7a_0_resized_blur.mp4,0,0
198,/content/drive/MyDrive/ucf_experiments/ciclo_experimental_1/data/data_blur/uniform_samples/test/1MVS2QPWbHc_3-6d236a280e_1_resized_blur.mp4,1,1
199,/content/drive/MyDrive/ucf_experiments/ciclo_experimental_1/data/data_blur/uniform_samples/test/RIXaF_TkLlU_4-040b619407_1_resized_blur.mp4,1,1
200,/content/drive/MyDrive/ucf_experiments/ciclo_experimental_1/data/data_blur/uniform_samples/test/r0mVR4J6_0-b9bf0641ae_0_resized_blur.mp4,0,0
201,/content/drive/MyDrive/ucf_experiments/ciclo_experimental_1/data/data_blur/uniform_samples/test/RTHTRS_699-18e8f85220_1_resized_blur.mp4,1,1
202,/content/drive/MyDrive/ucf_experiments/ciclo_experimental_1/data/data_blur/uniform_samples/test/nuf-d5GugL0_1-460be45a4e_0_resized_blur.mp4,1,0
203,/content/drive/MyDrive/ucf_experiments/ciclo_experimental_1/data/data_blur/uniform_samples/test/bW2vHhYbzHM_0-56b6d4c7e2_0_resized_blur.mp4,0,0
204,/content/drive/MyDrive/ucf_experiments/ciclo_experimental_1/data/data_blur/uniform_samples/test/RETYTDF_524-e52e450f84_1_resized_blur.mp4,1,1
205,/content/drive/MyDrive/ucf_experiments/ciclo_experimental_1/data/data_blur/uniform_samples/test/mwuiYEBdkJs_3-0c9e79f8e3_1_resized_blur.mp4,1,1
206,/content/drive/MyDrive/ucf_experiments/ciclo_experimental_1/data/data_blur/uniform_samples/test/nVdn1krnTCQ_2-67f6463597_0_resized_blur.mp4,0,0
207,/content/drive/MyDrive/ucf_experiments/ciclo_experimental_1/data/data_blur/uniform_samples/test/I-QiUMPTWNE_2-c56c70d327_1_resized_blur.mp4,0,1
208,/content/drive/MyDrive/ucf_experiments/ciclo_experimental_1/data/data_blur/uniform_samples/test/MxkTo5F-nvU_1-258fa7e284_1_resized_blur.mp4,0,1
209,/content/drive/MyDrive/ucf_experiments/ciclo_experimental_1/data/data_blur/uniform_samples/test/qaAclucigpY_2-19512070f6_0_resized_blur.mp4,0,0
210,/content/drive/MyDrive/ucf_experiments/ciclo_experimental_1/data/data_blur/uniform_samples/test/MxkTo5F-nvU_3-2c873a6aa6_1_resized_blur.mp4,1,1
211,/content/drive/MyDrive/ucf_experiments/ciclo_experimental_1/data/data_blur/uniform_samples/test/zOqs7Oh9oDM_0-af2f62209f_0_resized_blur.mp4,0,0
212,/content/drive/MyDrive/ucf_experiments/ciclo_experimental_1/data/data_blur/uniform_samples/test/1Kbw1bUw_1-30ab641947_1_resized_blur.mp4,0,1
213,/content/drive/MyDrive/ucf_experiments/ciclo_experimental_1/data/data_blur/uniform_samples/test/utRmPckr_0-4c4b25f872_0_resized_blur.mp4,1,0
214,/content/drive/MyDrive/ucf_experiments/ciclo_experimental_1/data/data_blur/uniform_samples/test/2lrARl7utL4_1-a940e858bd_0_resized_blur.mp4,1,0
215,/content/drive/MyDrive/ucf_experiments/ciclo_experimental_1/data/data_blur/uniform_samples/test/YL1qlr23_0-979f8b716a_0_resized_blur.mp4,0,0
216,/content/drive/MyDrive/ucf_experiments/ciclo_experimental_1/data/data_blur/uniform_samples/test/zGBzk5SeJOw_1-f59ea27677_0_resized_blur.mp4,0,0
217,/content/drive/MyDrive/ucf_experiments/ciclo_experimental_1/data/data_blur/uniform_samples/test/RIXaF_TkLlU_2-49c7831678_1_resized_blur.mp4,1,1
218,/content/drive/MyDrive/ucf_experiments/ciclo_experimental_1/data/data_blur/uniform_samples/test/bW2vHhYbzHM_1-f15c9229ce_0_resized_blur.mp4,0,0
219,/content/drive/MyDrive/ucf_experiments/ciclo_experimental_1/data/data_blur/uniform_samples/test/iJ5Q1tar_0-f63c7db70d_0_resized_blur.mp4,0,0
220,/content/drive/MyDrive/ucf_experiments/ciclo_experimental_1/data/data_blur/uniform_samples/test/BOnEkkm1_0-8327327855_0_resized_blur.mp4,0,0
221,/content/drive/MyDrive/ucf_experiments/ciclo_experimental_1/data/data_blur/uniform_samples/test/zGBzk5SeJOw_0-18a4058b79_0_resized_blur.mp4,0,0
222,/content/drive/MyDrive/ucf_experiments/ciclo_experimental_1/data/data_blur/uniform_samples/test/NeyOxUHJ_0-54750895f1_0_resized_blur.mp4,0,0
223,/content/drive/MyDrive/ucf_experiments/ciclo_experimental_1/data/data_blur/uniform_samples/test/JECBfnp2ZXc_3-fe87032a7c_1_resized_blur.mp4,1,1
224,/content/drive/MyDrive/ucf_experiments/ciclo_experimental_1/data/data_blur/uniform_samples/test/EFv961C5RgY_0-6fa724ac6f_0_resized_blur.mp4,0,0
225,/content/drive/MyDrive/ucf_experiments/ciclo_experimental_1/data/data_blur/uniform_samples/test/A7FCl8G35Cs_0-58148b3bd0_0_resized_blur.mp4,0,0
226,/content/drive/MyDrive/ucf_experiments/ciclo_experimental_1/data/data_blur/uniform_samples/test/ASGGSDG_183-5bc9cfba32_1_resized_blur.mp4,1,1
227,/content/drive/MyDrive/ucf_experiments/ciclo_experimental_1/data/data_blur/uniform_samples/test/tf_X7GtOGyE_1-a88492a21f_0_resized_blur.mp4,0,0
228,/content/drive/MyDrive/ucf_experiments/ciclo_experimental_1/data/data_blur/uniform_samples/test/Qj3oZsaqNGE_0-90fe322d6b_1_resized_blur.mp4,1,1
229,/content/drive/MyDrive/ucf_experiments/ciclo_experimental_1/data/data_blur/uniform_samples/test/v4dhdnsxiX4_0-38c1992d8d_0_resized_blur.mp4,0,0
230,/content/drive/MyDrive/ucf_experiments/ciclo_experimental_1/data/data_blur/uniform_samples/test/gJV3TuKF_0-90d0f60109_0_resized_blur.mp4,0,0
231,/content/drive/MyDrive/ucf_experiments/ciclo_experimental_1/data/data_blur/uniform_samples/test/fO2vb61DcUk_1-f051d93589_0_resized_blur.mp4,1,0
232,/content/drive/MyDrive/ucf_experiments/ciclo_experimental_1/data/data_blur/uniform_samples/test/0Ow4cotKOuw_0-0af5e77d13_1_resized_blur.mp4,1,1
233,/content/drive/MyDrive/ucf_experiments/ciclo_experimental_1/data/data_blur/uniform_samples/test/39BFeYnbu-I_6-803ed80deb_1_resized_blur.mp4,1,1
234,/content/drive/MyDrive/ucf_experiments/ciclo_experimental_1/data/data_blur/uniform_samples/test/qaAclucigpY_0-caebd2f674_1_resized_blur.mp4,1,1
235,/content/drive/MyDrive/ucf_experiments/ciclo_experimental_1/data/data_blur/uniform_samples/test/tf_X7GtOGyE_2-ad5ed4545e_1_resized_blur.mp4,1,1
236,/content/drive/MyDrive/ucf_experiments/ciclo_experimental_1/data/data_blur/uniform_samples/test/SJRnWfHAx_E_2-41128e355c_1_resized_blur.mp4,1,1
237,/content/drive/MyDrive/ucf_experiments/ciclo_experimental_1/data/data_blur/uniform_samples/test/I-QiUMPTWNE_1-b1ab0e0b1a_1_resized_blur.mp4,0,1
238,/content/drive/MyDrive/ucf_experiments/ciclo_experimental_1/data/data_blur/uniform_samples/test/tivF4CAg_0-05d76feac7_0_resized_blur.mp4,0,0
239,/content/drive/MyDrive/ucf_experiments/ciclo_experimental_1/data/data_blur/uniform_samples/test/I-QiUMPTWNE_7-88b79edf79_1_resized_blur.mp4,0,1
240,/content/drive/MyDrive/ucf_experiments/ciclo_experimental_1/data/data_blur/uniform_samples/test/tf_X7GtOGyE_0-3e06e3cede_0_resized_blur.mp4,0,0
241,/content/drive/MyDrive/ucf_experiments/ciclo_experimental_1/data/data_blur/uniform_samples/test/8m3onRfr_0-f35a8ad3c1_0_resized_blur.mp4,0,0
242,/content/drive/MyDrive/ucf_experiments/ciclo_experimental_1/data/data_blur/uniform_samples/test/OvDMIkTb4XU_3-3cc5a5680d_1_resized_blur.mp4,1,1
243,/content/drive/MyDrive/ucf_experiments/ciclo_experimental_1/data/data_blur/uniform_samples/test/NW4ndzCa_0-4939e42ac5_0_resized_blur.mp4,0,0
244,/content/drive/MyDrive/ucf_experiments/ciclo_experimental_1/data/data_blur/uniform_samples/test/v4dhdnsxiX4_1-41c72bd9bb_0_resized_blur.mp4,1,0
245,/content/drive/MyDrive/ucf_experiments/ciclo_experimental_1/data/data_blur/uniform_samples/test/F6kgeh23_0-aa1256250a_0_resized_blur.mp4,0,0
246,/content/drive/MyDrive/ucf_experiments/ciclo_experimental_1/data/data_blur/uniform_samples/test/0Ow4cotKOuw_2-8e4711164e_1_resized_blur.mp4,1,1
247,/content/drive/MyDrive/ucf_experiments/ciclo_experimental_1/data/data_blur/uniform_samples/test/trtrhrt_1054-2897879b3d_1_resized_blur.mp4,0,1
248,/content/drive/MyDrive/ucf_experiments/ciclo_experimental_1/data/data_blur/uniform_samples/test/nuf-d5GugL0_10-b5d05188b6_1_resized_blur.mp4,1,1
249,/content/drive/MyDrive/ucf_experiments/ciclo_experimental_1/data/data_blur/uniform_samples/test/NoUdd8wq_0-572b290064_0_resized_blur.mp4,0,0
250,/content/drive/MyDrive/ucf_experiments/ciclo_experimental_1/data/data_blur/uniform_samples/test/Xcd0v-KhKL4_0-ba805aade2_0_resized_blur.mp4,0,0
251,/content/drive/MyDrive/ucf_experiments/ciclo_experimental_1/data/data_blur/uniform_samples/test/uZLLdl2P_0-ec480d23f4_0_resized_blur.mp4,0,0
252,/content/drive/MyDrive/ucf_experiments/ciclo_experimental_1/data/data_blur/uniform_samples/test/MxkTo5F-nvU_4-07fa9685f8_1_resized_blur.mp4,1,1
253,/content/drive/MyDrive/ucf_experiments/ciclo_experimental_1/data/data_blur/uniform_samples/test/nuf-d5GugL0_4-da65a2d35c_1_resized_blur.mp4,1,1
254,/content/drive/MyDrive/ucf_experiments/ciclo_experimental_1/data/data_blur/uniform_samples/test/JECBfnp2ZXc_5-dd644783e6_1_resized_blur.mp4,1,1
255,/content/drive/MyDrive/ucf_experiments/ciclo_experimental_1/data/data_blur/uniform_samples/test/nuf-d5GugL0_7-70a41b1e81_1_resized_blur.mp4,1,1
256,/content/drive/MyDrive/ucf_experiments/ciclo_experimental_1/data/data_blur/uniform_samples/test/FpDZIe2z_0-abc3d839db_0_resized_blur.mp4,0,0
257,/content/drive/MyDrive/ucf_experiments/ciclo_experimental_1/data/data_blur/uniform_samples/test/JECBfnp2ZXc_2-ccf7494fe8_1_resized_blur.mp4,1,1
258,/content/drive/MyDrive/ucf_experiments/ciclo_experimental_1/data/data_blur/uniform_samples/test/Ry5c1PbcIa0_0-57b04e801c_1_resized_blur.mp4,0,1
259,/content/drive/MyDrive/ucf_experiments/ciclo_experimental_1/data/data_blur/uniform_samples/test/zOqs7Oh9oDM_3-4c570a405b_1_resized_blur.mp4,1,1
260,/content/drive/MyDrive/ucf_experiments/ciclo_experimental_1/data/data_blur/uniform_samples/test/SJRnWfHAx_E_1-fdac5130bd_1_resized_blur.mp4,1,1
261,/content/drive/MyDrive/ucf_experiments/ciclo_experimental_1/data/data_blur/uniform_samples/test/myaBOqJ3_0-56c607aa31_0_resized_blur.mp4,0,0
262,/content/drive/MyDrive/ucf_experiments/ciclo_experimental_1/data/data_blur/uniform_samples/test/48J5lk4QcpE_1-845fa58ce3_1_resized_blur.mp4,1,1
263,/content/drive/MyDrive/ucf_experiments/ciclo_experimental_1/data/data_blur/uniform_samples/test/mwuiYEBdkJs_1-8b89d080d3_1_resized_blur.mp4,1,1
264,/content/drive/MyDrive/ucf_experiments/ciclo_experimental_1/data/data_blur/uniform_samples/test/nuf-d5GugL0_2-03f5db1458_0_resized_blur.mp4,1,0
265,/content/drive/MyDrive/ucf_experiments/ciclo_experimental_1/data/data_blur/uniform_samples/test/32wXo9Dt_0-37054b4fba_0_resized_blur.mp4,0,0
266,/content/drive/MyDrive/ucf_experiments/ciclo_experimental_1/data/data_blur/uniform_samples/test/9kly-mpQczg_0-fe548016db_0_resized_blur.mp4,0,0
267,/content/drive/MyDrive/ucf_experiments/ciclo_experimental_1/data/data_blur/uniform_samples/test/nuf-d5GugL0_5-0ad1a02d46_1_resized_blur.mp4,1,1
268,/content/drive/MyDrive/ucf_experiments/ciclo_experimental_1/data/data_blur/uniform_samples/test/RIXaF_TkLlU_2-84011c349e_0_resized_blur.mp4,0,0
269,/content/drive/MyDrive/ucf_experiments/ciclo_experimental_1/data/data_blur/uniform_samples/test/wMcODEtzJIA_0-8d33a8e2a7_0_resized_blur.mp4,0,0
270,/content/drive/MyDrive/ucf_experiments/ciclo_experimental_1/data/data_blur/uniform_samples/test/ZCa5f4yq_0-9c50f8b378_0_resized_blur.mp4,0,0
271,/content/drive/MyDrive/ucf_experiments/ciclo_experimental_1/data/data_blur/uniform_samples/test/10uSOcwS_0-2350551b82_0_resized_blur.mp4,0,0
272,/content/drive/MyDrive/ucf_experiments/ciclo_experimental_1/data/data_blur/uniform_samples/test/Q0v2MB0b_0-ffb06e7a67_1_resized_blur.mp4,1,1
273,/content/drive/MyDrive/ucf_experiments/ciclo_experimental_1/data/data_blur/uniform_samples/test/rJbh1niy_0-aa75c6e4b0_0_resized_blur.mp4,0,0
274,/content/drive/MyDrive/ucf_experiments/ciclo_experimental_1/data/data_blur/uniform_samples/test/RTHTRS_719-a7c74a0e68_1_resized_blur.mp4,1,1
275,/content/drive/MyDrive/ucf_experiments/ciclo_experimental_1/data/data_blur/uniform_samples/test/wyLoweAn_9Q_1-7cac7aeed6_0_resized_blur.mp4,0,0
276,/content/drive/MyDrive/ucf_experiments/ciclo_experimental_1/data/data_blur/uniform_samples/test/qFfqTQm0_0-2ce7f4c986_0_resized_blur.mp4,0,0
277,/content/drive/MyDrive/ucf_experiments/ciclo_experimental_1/data/data_blur/uniform_samples/test/4p2iGvo8_0-fce5bb3d61_0_resized_blur.mp4,0,0
278,/content/drive/MyDrive/ucf_experiments/ciclo_experimental_1/data/data_blur/uniform_samples/test/xRbCHA5YTi8_0-acb47623f7_0_resized_blur.mp4,0,0
279,/content/drive/MyDrive/ucf_experiments/ciclo_experimental_1/data/data_blur/uniform_samples/test/TYRFDVD_1106-92c95902fb_1_resized_blur.mp4,0,1
280,/content/drive/MyDrive/ucf_experiments/ciclo_experimental_1/data/data_blur/uniform_samples/test/RIXaF_TkLlU_1-1f06369e90_0_resized_blur.mp4,0,0
281,/content/drive/MyDrive/ucf_experiments/ciclo_experimental_1/data/data_blur/uniform_samples/test/7emxm3za_0-78a165dbf3_0_resized_blur.mp4,0,0
282,/content/drive/MyDrive/ucf_experiments/ciclo_experimental_1/data/data_blur/uniform_samples/test/nVdn1krnTCQ_0-dbcfc9d1a5_1_resized_blur.mp4,1,1
283,/content/drive/MyDrive/ucf_experiments/ciclo_experimental_1/data/data_blur/uniform_samples/test/MxkTo5F-nvU_2-f11820af57_1_resized_blur.mp4,0,1
284,/content/drive/MyDrive/ucf_experiments/ciclo_experimental_1/data/data_blur/uniform_samples/test/kApoSGPK_0-998f768759_0_resized_blur.mp4,0,0
285,/content/drive/MyDrive/ucf_experiments/ciclo_experimental_1/data/data_blur/uniform_samples/test/qaAclucigpY_3-8d7f4418ab_1_resized_blur.mp4,0,1
286,/content/drive/MyDrive/ucf_experiments/ciclo_experimental_1/data/data_blur/uniform_samples/test/nVdn1krnTCQ_3-12aaa3e64a_1_resized_blur.mp4,0,1
287,/content/drive/MyDrive/ucf_experiments/ciclo_experimental_1/data/data_blur/uniform_samples/test/XM0NI7ZmwWM_3-b63001a0f2_1_resized_blur.mp4,0,1
288,/content/drive/MyDrive/ucf_experiments/ciclo_experimental_1/data/data_blur/uniform_samples/test/g6jdqkcdgqk_4-8428e2888e_1_resized_blur.mp4,1,1
289,/content/drive/MyDrive/ucf_experiments/ciclo_experimental_1/data/data_blur/uniform_samples/test/Qtcwz_K2Gvo_1-b8b0594886_1_resized_blur.mp4,1,1
290,/content/drive/MyDrive/ucf_experiments/ciclo_experimental_1/data/data_blur/uniform_samples/test/YDOJvzChqSg_4-5abc0d39ac_1_resized_blur.mp4,1,1
291,/content/drive/MyDrive/ucf_experiments/ciclo_experimental_1/data/data_blur/uniform_samples/test/9kly-mpQczg_1-97553ec6bf_0_resized_blur.mp4,0,0
292,/content/drive/MyDrive/ucf_experiments/ciclo_experimental_1/data/data_blur/uniform_samples/test/y_vX9FtjLaQ_6-87fe545df4_1_resized_blur.mp4,1,1
293,/content/drive/MyDrive/ucf_experiments/ciclo_experimental_1/data/data_blur/uniform_samples/test/0Ow4cotKOuw_1-2e9a99beaa_1_resized_blur.mp4,1,1
294,/content/drive/MyDrive/ucf_experiments/ciclo_experimental_1/data/data_blur/uniform_samples/test/I3rTHE3L_0-45e6de53dd_0_resized_blur.mp4,0,0
295,/content/drive/MyDrive/ucf_experiments/ciclo_experimental_1/data/data_blur/uniform_samples/test/8tWVjrUW_0-1dcb27196c_0_resized_blur.mp4,0,0
296,/content/drive/MyDrive/ucf_experiments/ciclo_experimental_1/data/data_blur/uniform_samples/test/etyiEs3j8x8_4-1e360b5e1c_1_resized_blur.mp4,1,1
297,/content/drive/MyDrive/ucf_experiments/ciclo_experimental_1/data/data_blur/uniform_samples/test/EFv961C5RgY_0-9a1471f367_1_resized_blur.mp4,1,1
298,/content/drive/MyDrive/ucf_experiments/ciclo_experimental_1/data/data_blur/uniform_samples/test/JECBfnp2ZXc_1-f42a5f7636_0_resized_blur.mp4,0,0
299,/content/drive/MyDrive/ucf_experiments/ciclo_experimental_1/data/data_blur/uniform_samples/test/cw8fPfUL_0-e0a4a0c51b_0_resized_blur.mp4,0,0
300,/content/drive/MyDrive/ucf_experiments/ciclo_experimental_1/data/data_blur/uniform_samples/test/39BFeYnbu-I_4-8926f7344d_1_resized_blur.mp4,1,1
301,/content/drive/MyDrive/ucf_experiments/ciclo_experimental_1/data/data_blur/uniform_samples/test/MxkTo5F-nvU_0-190a06722e_0_resized_blur.mp4,0,0
302,/content/drive/MyDrive/ucf_experiments/ciclo_experimental_1/data/data_blur/uniform_samples/test/etyiEs3j8x8_1-f9799ff967_1_resized_blur.mp4,1,1
303,/content/drive/MyDrive/ucf_experiments/ciclo_experimental_1/data/data_blur/uniform_samples/test/tf_X7GtOGyE_1-5aa1820c4b_1_resized_blur.mp4,1,1
304,/content/drive/MyDrive/ucf_experiments/ciclo_experimental_1/data/data_blur/uniform_samples/test/qaAclucigpY_1-ef9763a3fc_0_resized_blur.mp4,0,0
305,/content/drive/MyDrive/ucf_experiments/ciclo_experimental_1/data/data_blur/uniform_samples/test/trtrhrt_1050-f0dc69805f_1_resized_blur.mp4,0,1
306,/content/drive/MyDrive/ucf_experiments/ciclo_experimental_1/data/data_blur/uniform_samples/test/7gLKFV5voOg_0-dd5f873299_1_resized_blur.mp4,0,1
307,/content/drive/MyDrive/ucf_experiments/ciclo_experimental_1/data/data_blur/uniform_samples/test/nuf-d5GugL0_0-3d7fd8fc68_0_resized_blur.mp4,1,0
308,/content/drive/MyDrive/ucf_experiments/ciclo_experimental_1/data/data_blur/uniform_samples/test/JOMXfA1R_0-d88f9483c1_0_resized_blur.mp4,0,0
309,/content/drive/MyDrive/ucf_experiments/ciclo_experimental_1/data/data_blur/uniform_samples/test/e8jli13nLaM_0-26576dc590_0_resized_blur.mp4,0,0
310,/content/drive/MyDrive/ucf_experiments/ciclo_experimental_1/data/data_blur/uniform_samples/test/Wq0BuA8GM84_1-578db6aef5_0_resized_blur.mp4,0,0
311,/content/drive/MyDrive/ucf_experiments/ciclo_experimental_1/data/data_blur/uniform_samples/test/xDjgfhGt-YA_0-c5f9a85ed1_1_resized_blur.mp4,1,1
312,/content/drive/MyDrive/ucf_experiments/ciclo_experimental_1/data/data_blur/uniform_samples/test/VzHfmJeI_0-db07a84cf6_0_resized_blur.mp4,0,0
313,/content/drive/MyDrive/ucf_experiments/ciclo_experimental_1/data/data_blur/uniform_samples/test/e5Dmmply_2-549af854c4_1_resized_blur.mp4,0,1
314,/content/drive/MyDrive/ucf_experiments/ciclo_experimental_1/data/data_blur/uniform_samples/test/wyLoweAn_9Q_0-2c333b9f69_0_resized_blur.mp4,0,0
315,/content/drive/MyDrive/ucf_experiments/ciclo_experimental_1/data/data_blur/uniform_samples/test/g7fqR4gn_0-ff846ac644_0_resized_blur.mp4,0,0
316,/content/drive/MyDrive/ucf_experiments/ciclo_experimental_1/data/data_blur/uniform_samples/test/MxkTo5F-nvU_0-eaf8c3ced3_1_resized_blur.mp4,1,1
317,/content/drive/MyDrive/ucf_experiments/ciclo_experimental_1/data/data_blur/uniform_samples/test/6doZoiaG9PM_3-06704d4503_0_resized_blur.mp4,0,0
318,/content/drive/MyDrive/ucf_experiments/ciclo_experimental_1/data/data_blur/uniform_samples/test/cpFWuHXF_0-de27e3acf1_0_resized_blur.mp4,0,0
319,/content/drive/MyDrive/ucf_experiments/ciclo_experimental_1/data/data_blur/uniform_samples/test/GCgD8AkV_0-03adc6500a_0_resized_blur.mp4,0,0
320,/content/drive/MyDrive/ucf_experiments/ciclo_experimental_1/data/data_blur/uniform_samples/test/Fds7C6sp_0-b89ffead95_0_resized_blur.mp4,0,0
321,/content/drive/MyDrive/ucf_experiments/ciclo_experimental_1/data/data_blur/uniform_samples/test/1MVS2QPWbHc_1-e8a14a1dd7_1_resized_blur.mp4,1,1
322,/content/drive/MyDrive/ucf_experiments/ciclo_experimental_1/data/data_blur/uniform_samples/test/jpYrguiW_0-382f09a971_0_resized_blur.mp4,0,0
323,/content/drive/MyDrive/ucf_experiments/ciclo_experimental_1/data/data_blur/uniform_samples/test/g6jdqkcdgqk_1-a1486d618a_1_resized_blur.mp4,1,1
324,/content/drive/MyDrive/ucf_experiments/ciclo_experimental_1/data/data_blur/uniform_samples/test/Wq0BuA8GM84_0-90997c3175_1_resized_blur.mp4,1,1
325,/content/drive/MyDrive/ucf_experiments/ciclo_experimental_1/data/data_blur/uniform_samples/test/TYRFDVD_1104-bf822d39e3_1_resized_blur.mp4,1,1
326,/content/drive/MyDrive/ucf_experiments/ciclo_experimental_1/data/data_blur/uniform_samples/test/FXC43fACfPc_3-625677f731_1_resized_blur.mp4,1,1
327,/content/drive/MyDrive/ucf_experiments/ciclo_experimental_1/data/data_blur/uniform_samples/test/RIXaF_TkLlU_5-30d85171a3_1_resized_blur.mp4,1,1
328,/content/drive/MyDrive/ucf_experiments/ciclo_experimental_1/data/data_blur/uniform_samples/test/RTHTRS_720-8d91560195_1_resized_blur.mp4,1,1
329,/content/drive/MyDrive/ucf_experiments/ciclo_experimental_1/data/data_blur/uniform_samples/test/v4dhdnsxiX4_3-3a6794e001_1_resized_blur.mp4,0,1
330,/content/drive/MyDrive/ucf_experiments/ciclo_experimental_1/data/data_blur/uniform_samples/test/VF8M3gXp_0-5ea7c1e138_0_resized_blur.mp4,0,0
331,/content/drive/MyDrive/ucf_experiments/ciclo_experimental_1/data/data_blur/uniform_samples/test/83d-16REC40_1-a5098da727_1_resized_blur.mp4,1,1
332,/content/drive/MyDrive/ucf_experiments/ciclo_experimental_1/data/data_blur/uniform_samples/test/Nlopikk0zhE_0-91d50b02aa_0_resized_blur.mp4,0,0
333,/content/drive/MyDrive/ucf_experiments/ciclo_experimental_1/data/data_blur/uniform_samples/test/I-QiUMPTWNE_1-9b0f07bf81_0_resized_blur.mp4,0,0
334,/content/drive/MyDrive/ucf_experiments/ciclo_experimental_1/data/data_blur/uniform_samples/test/VTOPSZvF_0-f8b5f737e3_0_resized_blur.mp4,0,0
335,/content/drive/MyDrive/ucf_experiments/ciclo_experimental_1/data/data_blur/uniform_samples/test/w6VytllR_0-2c3f2e7a44_0_resized_blur.mp4,0,0
336,/content/drive/MyDrive/ucf_experiments/ciclo_experimental_1/data/data_blur/uniform_samples/test/NQpYodM6_0-16f9633597_0_resized_blur.mp4,0,0
337,/content/drive/MyDrive/ucf_experiments/ciclo_experimental_1/data/data_blur/uniform_samples/test/zOqs7Oh9oDM_1-cc4597ad32_1_resized_blur.mp4,1,1
338,/content/drive/MyDrive/ucf_experiments/ciclo_experimental_1/data/data_blur/uniform_samples/test/A7FCl8G35Cs_0-5cf447dfe3_1_resized_blur.mp4,1,1
339,/content/drive/MyDrive/ucf_experiments/ciclo_experimental_1/data/data_blur/uniform_samples/test/VVQBImyG_0-2a390ee69a_0_resized_blur.mp4,0,0
340,/content/drive/MyDrive/ucf_experiments/ciclo_experimental_1/data/data_blur/uniform_samples/test/g-qjkePEXQA_3-79061ea3ff_1_resized_blur.mp4,1,1
341,/content/drive/MyDrive/ucf_experiments/ciclo_experimental_1/data/data_blur/uniform_samples/test/nVdn1krnTCQ_4-e79164615b_1_resized_blur.mp4,0,1
342,/content/drive/MyDrive/ucf_experiments/ciclo_experimental_1/data/data_blur/uniform_samples/test/S8jXc3sP_0-cf08e4357e_0_resized_blur.mp4,1,0
343,/content/drive/MyDrive/ucf_experiments/ciclo_experimental_1/data/data_blur/uniform_samples/test/v4dhdnsxiX4_2-42773c4769_0_resized_blur.mp4,0,0
344,/content/drive/MyDrive/ucf_experiments/ciclo_experimental_1/data/data_blur/uniform_samples/test/83d-16REC40_0-1fc28ef177_1_resized_blur.mp4,1,1
345,/content/drive/MyDrive/ucf_experiments/ciclo_experimental_1/data/data_blur/uniform_samples/test/rwg8hp5X_0-7e2d723eb0_0_resized_blur.mp4,0,0
346,/content/drive/MyDrive/ucf_experiments/ciclo_experimental_1/data/data_blur/uniform_samples/test/FXC43fACfPc_1-db8aa98527_1_resized_blur.mp4,0,1
347,/content/drive/MyDrive/ucf_experiments/ciclo_experimental_1/data/data_blur/uniform_samples/test/RTHTRS_706-ff16263843_1_resized_blur.mp4,1,1
348,/content/drive/MyDrive/ucf_experiments/ciclo_experimental_1/data/data_blur/uniform_samples/test/yN11pFfP_0-d336bc38fc_0_resized_blur.mp4,0,0
349,/content/drive/MyDrive/ucf_experiments/ciclo_experimental_1/data/data_blur/uniform_samples/test/I-QiUMPTWNE_6-93f39ab082_1_resized_blur.mp4,1,1
350,/content/drive/MyDrive/ucf_experiments/ciclo_experimental_1/data/data_blur/uniform_samples/test/TYRFDVD_1112-800ebda214_1_resized_blur.mp4,0,1
351,/content/drive/MyDrive/ucf_experiments/ciclo_experimental_1/data/data_blur/uniform_samples/test/39BFeYnbu-I_2-7bdd78103e_1_resized_blur.mp4,1,1
352,/content/drive/MyDrive/ucf_experiments/ciclo_experimental_1/data/data_blur/uniform_samples/test/JECBfnp2ZXc_6-5a2ed28537_1_resized_blur.mp4,0,1
353,/content/drive/MyDrive/ucf_experiments/ciclo_experimental_1/data/data_blur/uniform_samples/test/7gLKFV5voOg_0-b4e1316e05_0_resized_blur.mp4,0,0
354,/content/drive/MyDrive/ucf_experiments/ciclo_experimental_1/data/data_blur/uniform_samples/test/TYRFDVD_1113-a76d288bcf_1_resized_blur.mp4,1,1
355,/content/drive/MyDrive/ucf_experiments/ciclo_experimental_1/data/data_blur/uniform_samples/test/DeCoZoey_0-cc1ecbf612_0_resized_blur.mp4,0,0
356,/content/drive/MyDrive/ucf_experiments/ciclo_experimental_1/data/data_blur/uniform_samples/test/39BFeYnbu-I_0-f59f3a6608_0_resized_blur.mp4,0,0
357,/content/drive/MyDrive/ucf_experiments/ciclo_experimental_1/data/data_blur/uniform_samples/test/Wq0BuA8GM84_0-f1cb4ac8af_0_resized_blur.mp4,1,0
358,/content/drive/MyDrive/ucf_experiments/ciclo_experimental_1/data/data_blur/uniform_samples/test/g8SVNUCm_0-43de78ad2e_0_resized_blur.mp4,0,0
359,/content/drive/MyDrive/ucf_experiments/ciclo_experimental_1/data/data_blur/uniform_samples/test/NWqRgoGh_0-3ed21cb1a1_0_resized_blur.mp4,0,0
360,/content/drive/MyDrive/ucf_experiments/ciclo_experimental_1/data/data_blur/uniform_samples/test/mwuiYEBdkJs_1-807ed949cf_0_resized_blur.mp4,1,0
361,/content/drive/MyDrive/ucf_experiments/ciclo_experimental_1/data/data_blur/uniform_samples/test/nuf-d5GugL0_1-9d7627159a_1_resized_blur.mp4,1,1
362,/content/drive/MyDrive/ucf_experiments/ciclo_experimental_1/data/data_blur/uniform_samples/test/qaAclucigpY_0-31beb24635_0_resized_blur.mp4,0,0
363,/content/drive/MyDrive/ucf_experiments/ciclo_experimental_1/data/data_blur/uniform_samples/test/g6jdqkcdgqk_3-9e72d84b1e_1_resized_blur.mp4,0,1
364,/content/drive/MyDrive/ucf_experiments/ciclo_experimental_1/data/data_blur/uniform_samples/test/nVdn1krnTCQ_1-aac04650e4_1_resized_blur.mp4,1,1
365,/content/drive/MyDrive/ucf_experiments/ciclo_experimental_1/data/data_blur/uniform_samples/test/mwuiYEBdkJs_2-039857d4cc_1_resized_blur.mp4,1,1
366,/content/drive/MyDrive/ucf_experiments/ciclo_experimental_1/data/data_blur/uniform_samples/test/u-VcErKk6Qs_0-3fa2b344a2_0_resized_blur.mp4,0,0
367,/content/drive/MyDrive/ucf_experiments/ciclo_experimental_1/data/data_blur/uniform_samples/test/48J5lk4QcpE_2-fceac823ad_1_resized_blur.mp4,1,1
368,/content/drive/MyDrive/ucf_experiments/ciclo_experimental_1/data/data_blur/uniform_samples/test/tf_X7GtOGyE_2-8effe0f2bc_0_resized_blur.mp4,0,0
369,/content/drive/MyDrive/ucf_experiments/ciclo_experimental_1/data/data_blur/uniform_samples/test/PaTrwJbs_0-d4b7bbd33d_0_resized_blur.mp4,0,0
370,/content/drive/MyDrive/ucf_experiments/ciclo_experimental_1/data/data_blur/uniform_samples/test/q4jlVJRb_0-8b7c9e9ae3_0_resized_blur.mp4,0,0
371,/content/drive/MyDrive/ucf_experiments/ciclo_experimental_1/data/data_blur/uniform_samples/test/1W8hsVvyKt4_1-afaccb534c_0_resized_blur.mp4,1,0
372,/content/drive/MyDrive/ucf_experiments/ciclo_experimental_1/data/data_blur/uniform_samples/test/tf_X7GtOGyE_0-0a79001f18_1_resized_blur.mp4,1,1
373,/content/drive/MyDrive/ucf_experiments/ciclo_experimental_1/data/data_blur/uniform_samples/test/9JxNZtUK_0-c4b552903e_0_resized_blur.mp4,0,0
374,/content/drive/MyDrive/ucf_experiments/ciclo_experimental_1/data/data_blur/uniform_samples/test/SJRnWfHAx_E_4-c1cf3352ad_1_resized_blur.mp4,0,1
375,/content/drive/MyDrive/ucf_experiments/ciclo_experimental_1/data/data_blur/uniform_samples/test/JECBfnp2ZXc_0-57b3a9e313_1_resized_blur.mp4,1,1
376,/content/drive/MyDrive/ucf_experiments/ciclo_experimental_1/data/data_blur/uniform_samples/test/mwuiYEBdkJs_0-e8953e751d_1_resized_blur.mp4,1,1
377,/content/drive/MyDrive/ucf_experiments/ciclo_experimental_1/data/data_blur/uniform_samples/test/zOqs7Oh9oDM_2-c14084f3dc_1_resized_blur.mp4,1,1
378,/content/drive/MyDrive/ucf_experiments/ciclo_experimental_1/data/data_blur/uniform_samples/test/oXeSTCLT_0-615e749549_0_resized_blur.mp4,0,0
379,/content/drive/MyDrive/ucf_experiments/ciclo_experimental_1/data/data_blur/uniform_samples/test/MrEU15Ug_0-a3f9b375be_0_resized_blur.mp4,0,0
380,/content/drive/MyDrive/ucf_experiments/ciclo_experimental_1/data/data_blur/uniform_samples/test/CrBTbDcb_0-108b81e68d_0_resized_blur.mp4,0,0
381,/content/drive/MyDrive/ucf_experiments/ciclo_experimental_1/data/data_blur/uniform_samples/test/SDFDSSDF_973-0466a90709_1_resized_blur.mp4,1,1
382,/content/drive/MyDrive/ucf_experiments/ciclo_experimental_1/data/data_blur/uniform_samples/test/twBrsDhF_0-023d27999e_0_resized_blur.mp4,0,0
383,/content/drive/MyDrive/ucf_experiments/ciclo_experimental_1/data/data_blur/uniform_samples/test/nuf-d5GugL0_9-175ad421d3_1_resized_blur.mp4,1,1
384,/content/drive/MyDrive/ucf_experiments/ciclo_experimental_1/data/data_blur/uniform_samples/test/1Kbw1bUw_0-70e043398f_1_resized_blur.mp4,0,1
385,/content/drive/MyDrive/ucf_experiments/ciclo_experimental_1/data/data_blur/uniform_samples/test/zOqs7Oh9oDM_0-1338739128_1_resized_blur.mp4,1,1
386,/content/drive/MyDrive/ucf_experiments/ciclo_experimental_1/data/data_blur/uniform_samples/test/RIXaF_TkLlU_0-b19c46f6f6_1_resized_blur.mp4,1,1
387,/content/drive/MyDrive/ucf_experiments/ciclo_experimental_1/data/data_blur/uniform_samples/test/qyRJeYN5_0-3e7549a784_0_resized_blur.mp4,0,0
388,/content/drive/MyDrive/ucf_experiments/ciclo_experimental_1/data/data_blur/uniform_samples/test/RIXaF_TkLlU_0-3d1a632932_0_resized_blur.mp4,0,0
389,/content/drive/MyDrive/ucf_experiments/ciclo_experimental_1/data/data_blur/uniform_samples/test/GXvqyqYi_0-18d8e716ee_0_resized_blur.mp4,0,0
390,/content/drive/MyDrive/ucf_experiments/ciclo_experimental_1/data/data_blur/uniform_samples/test/YYCGcBuE_0-c7e4773a0e_0_resized_blur.mp4,0,0
391,/content/drive/MyDrive/ucf_experiments/ciclo_experimental_1/data/data_blur/uniform_samples/test/YDOJvzChqSg_1-98209af50e_1_resized_blur.mp4,1,1
392,/content/drive/MyDrive/ucf_experiments/ciclo_experimental_1/data/data_blur/uniform_samples/test/WPXtCPPS_0-3ea4588b11_0_resized_blur.mp4,0,0
393,/content/drive/MyDrive/ucf_experiments/ciclo_experimental_1/data/data_blur/uniform_samples/test/1MVS2QPWbHc_0-68ae15d47d_0_resized_blur.mp4,1,0
394,/content/drive/MyDrive/ucf_experiments/ciclo_experimental_1/data/data_blur/uniform_samples/test/VIPpAkyG_0-92b9fd5113_0_resized_blur.mp4,0,0
395,/content/drive/MyDrive/ucf_experiments/ciclo_experimental_1/data/data_blur/uniform_samples/test/trtrhrt_1039-66573dd871_1_resized_blur.mp4,1,1
396,/content/drive/MyDrive/ucf_experiments/ciclo_experimental_1/data/data_blur/uniform_samples/test/etyiEs3j8x8_0-1d6f625a61_0_resized_blur.mp4,0,0
397,/content/drive/MyDrive/ucf_experiments/ciclo_experimental_1/data/data_blur/uniform_samples/test/39BFeYnbu-I_1-a50acc6bb7_1_resized_blur.mp4,1,1
398,/content/drive/MyDrive/ucf_experiments/ciclo_experimental_1/data/data_blur/uniform_samples/test/nVdn1krnTCQ_1-682fbc615f_0_resized_blur.mp4,0,0
399,/content/drive/MyDrive/ucf_experiments/ciclo_experimental_1/data/data_blur/uniform_samples/test/OvDMIkTb4XU_1-424578b183_1_resized_blur.mp4,1,1
